number,user_id,original,version_C,meaning_C,fluency_C
1,user_0168255c,"Well, I support single payer. I just think Obamacare is a shitty solution. It was modeled after a Republican plan, after all. You guys would all hate it if Bush had passed it.","Well, I support a specific policy. I just think the current solution is a shitty solution. It was modeled after a plan from the other side, after all. You guys would all hate it if the opposing administration had passed it.",,
2,user_07db2c6a,"Yeah for sure. They should have ditched him or something, and r-tard was pretty stupid. But it was written pretty well and was believable.","Yeah for sure. They should have ditched him or something, and the other guy was pretty stupid. But it was written pretty well and was believable.",,
4,user_0b5c256a,"Yeah but then you'd have to Metro to Virginia Square, with a transfer. I think Lincoln was specifically talking about parking near Quincy Park for the meetup. The Ballston garage does have monthly options, but it is connected to the mall so it has hourly options, and it's ridiculously cheap (comparatively).","Yeah but then you'd have to take public transit to a nearby area, with a transfer. I think the person was specifically talking about parking near a local park for the meetup. The local garage does have monthly options, but it is connected to the mall so it has hourly options, and it's ridiculously cheap (comparatively).",,
5,user_1302cb61,"87, thanks for the giveaway :)",Thanks for the support :),,
6,user_1a2755b3,I think this is a very astute observation. Some kind of escape valve so that at least they go and let people get on with rebuilding the country. The alternative that we are seeing play out is disastrous for the people of Venezuela.,I think this is a very astute observation. Some kind of escape valve so that at least they go and let people get on with rebuilding the country. The alternative that we are seeing play out is disastrous for the people of Venezuela.,,
8,user_2d74cd4c,"Then get a taxi... you might remember them from before Uber... a long, long 5 years ago.",Then get a taxi... you might remember them from before modern ride-sharing apps... a while back.,,
9,user_2f1085dd,"It will probably be IP restricted, knowing the Japanese MMO tradition. Also, there is no reason to play on 200 ping.","It will probably be IP restricted, knowing the Japanese MMO tradition. Also, there is no reason to play on high ping.",,
10,user_30802254,"haha yeah actually I drive about 500 miles per month. Touring the world being the point though, that disrupts the lease. A 10k mile annual limit still gives you 800 miles a month, which is not nearly enough for most people to get to work and back :)","haha yeah actually I drive a moderate amount per month. Touring the world being the point though, that disrupts the lease. A low mile annual limit still gives you a certain amount a month, which is not nearly enough for most people to get to work and back :)",,
11,user_3ff3188b,"I strived to maintain 100% uptime on movement, just to piss off the clothies.","I strived to maintain 100% uptime on movement, just to piss off the authorities.",,
12,user_40efa894,"plot twist: it was actually her pimp who she calls ""daddy""","plot twist: it was actually her partner who she calls ""daddy""",,
15,user_58bfeaad,"Sure, but you could easily imagine an FTL-like system with set turns working fine (eg. pause every 3 seconds for instructions). There's nothing in the nature of non-modal gameplay that causing these separate battle systems to be bad other than bad design.","Sure, but you could easily imagine a fast-paced system with set turns working fine (eg. pause every 3 seconds for instructions). There's nothing in the nature of non-modal gameplay that causing these separate battle systems to be bad other than bad design.",,
19,user_7a8f7f3e,It has always been fine as long as it wasn't used to be a retard.,It has always been fine as long as it wasn't used in that way.,,
20,user_7b2d0be1,A Lore Bard adds another 3.,A specific bard subclass adds another 3.,,
21,user_7b4c75ab,Does Pep think Ibra was a flop?...,Does a famous coach think a star player was a flop?...,,
23,user_902af20f,The Crown Estate dates back to William the Conqueror. Not 1961. You've underestimated the age of the crown estate by about 900 years. Sounds like you're the one that needs to learn their history.,The Crown Estate dates back to a historical figure. Not 1961. You've underestimated the age of the crown estate by about 900 years. Sounds like you're the one that needs to learn their history.,,
25,user_9c5e4782,Which unit makes that scream?,Which production makes that sound?,,
26,user_9ce96cbf,"If I recall from both the book and movie, they tried the scenario (probably altered a bit) before. It had worked for some time, but then he reverted back.","If I recall from both the source material and movie, they tried the scenario (probably altered a bit) before. It had worked for some time, but then he reverted back.",,
29,user_a57e47b1,Is Hayward's reputation still deserved if you're west of 880?,Is a local figure's reputation still deserved if you're west of a major road?,,
31,user_b2aba63a,"Definitely think that skyrim is way too young for a ""test of time"" award, wish mount and blade was nominated actually, but it has held up very well.","Definitely think that a popular RPG is way too young for a ""test of time"" award, wish a classic western RPG was nominated actually, but it has held up very well.",,
32,user_b325310b,"Somewhere a gopher is running for his life while ""I'm Alright"" by Kenny Loggins blasts in the background.",Somewhere a gopher is running for his life while a popular song blasts in the background.,,
34,user_baf68fe9,"1. Read chapter 5 -- titled ""p-TELEPORTATION"" starting on page 55 -- in ""Teleportation Physics Study"" by Eric W. Davis, published August 2004, AFRL-PR-ED-TR-2003-0034: https://www.fas.org/sgp/eprint/teleport.pdf 2. See Also: #3 (""Matt deMille: Time Skipping"") at https://www.reddit.com/r/Missing411/comments/444zxe/virtual_kamikakushi_an_element_of_folk_belief_in/czngfgg","Read chapter 5 -- titled ""p-TELEPORTATION"" starting on page 55 -- in ""Teleportation Physics Study"" by a researcher in the field, published in the early 2000s: a link to a scientific report 2. See Also: A reference to a discussion on time-related phenomena at a community forum link",,
35,user_bdcc6e7d,"Sure but it would stop the problem from getting worse. Doctors really should not be prescribing anything. Also, we should not allow prescription drugs to be advertised to the public. You have no business ""asking your doctor about..."" any kind of prescription drug. Tell the doctor what your problem is and let him or her determine a solution.","Sure but it would stop the problem from getting worse. Medical professionals really should not be prescribing anything. Also, we should not allow prescription drugs to be advertised to the public. You have no business ""asking your doctor about..."" any kind of prescription drug. Tell the doctor what your problem is and let him or her determine a solution.",,
36,user_c0392523,"My brother does this. Part of the reason why his girlfriend dumped him. He was always the best, he could always lift the most, he was going to have the best career (everyone else was going to be minimum wage slaves)...","My sibling does this. Part of the reason why their partner dumped him. He was always the best, he could always lift the most, he was going to have the best career (everyone else was going to be minimum wage slaves)...",,
37,user_c154e834,[pic](http://www.4gamer.net/games/278/G027835/20150616136/SS/041.jpg) would probably makes sense to have your shield arm heavily armored tho.,It would probably make sense to have your shield arm heavily armored though.,,
41,user_e409a56d,"Pffft.... just sell off the NHS: Problem solved! The long term future of the country is... well, they don't really care about that - short termism it is, now and forever. Well... now at least.","Pffft.... just sell off the public healthcare system: Problem solved! The long term future of the country is... well, they don't really care about that - short termism it is, now and forever. Well... now at least.",,
45,user_f54058d0,"Dude, you ARE a vocal minority. That's not an insult. How bad has it become when people are feeling victimized just because their opinion isn't being pandered to? Millennial narcissism a it's finest.","Dude, you ARE a vocal minority. That's not an insult. How bad has it become when people are feeling victimized just because their opinion isn't being pandered to? A certain generational trait at its finest.",,
46,user_f7fd2885,"What the shit? The NHS is a publically owned company, it can't go bust unless the the country does.","What the shit? The public healthcare system is a publically owned company, it can't go bust unless the the country does.",,
47,user_f827c7dd,Who was talking on ESPN?,Who was talking on that sports network?,,
48,user_fa60616d,Fact 1: All of that in the picture is fucking delicious Fact 2: None of that belongs at a fucking BBQ,Fact 1: All of that in the picture is fucking delicious Fact 2: None of that belongs at a fucking BBQ,,
49,user_fca58a87,"I'd rather you build up your tele to Level 2 so I dont have to walk than have your gun up to Lv 3. ""Sentrys get kills, Dispensers save lives, Teleporters win games""","I'd rather you build up your tele to Level 2 so I dont have to walk than have your gun up to Lv 3. ""Sentrys get kills, Dispensers save lives, Teleporters win games""",,
