number;user_id;comment_idx;original;version_A;meaning_A;fluency_A;version_B;meaning_B;fluency_B;version_C;meaning_C;fluency_C
1;user_0168255c;387;Well, I support single payer. I just think Obamacare is a shitty solution. It was modeled after a Republican plan, after all. You guys would all hate it if Bush had passed it.;Well, I support single payer. I just think [ORGANIZATION] is a shitty solution. It was modeled after a [NORP] plan, after all. You guys would all hate it if [PERSON] had passed it.;2;1;Well, I support single payer. I just think the current healthcare reform is a poor solution. It was modeled after a plan from a major political party, after all. You all would likely dislike it if a previous administration had implemented it.;4;5;Well, I support a specific policy. I just think the current solution is a shitty solution. It was modeled after a plan from the other side, after all. You guys would all hate it if the opposing administration had passed it.;4;4
2;user_07db2c6a;28;Yeah for sure. They should have ditched him or something, and r-tard was pretty stupid. But it was written pretty well and was believable.;Yeah for sure. They should have ditched him or something, and r-tard was pretty stupid. But it was written pretty well and was believable.;-1;-1;Yeah for sure. They should have let him go or something, and the character was pretty foolish. But it was written pretty well and was believable.;5;5;Yeah for sure. They should have ditched him or something, and the other guy was pretty stupid. But it was written pretty well and was believable.;5;5
3;user_092e219d;294;I'm not saying it's going to stop everything, but you at least have a chance if someone happens to be concealed carry ;I'm not saying it's going to stop everything, but you at least have a chance if someone happens to be concealed carry ;-1;-1;I'm not saying it's going to stop everything, but you at least have a chance if someone happens to be carrying a concealed weapon.;4;5;I'm not saying it's going to stop everything, but you at least have a chance if someone happens to be concealed carry;-1;-1
4;user_0b5c256a;470;Yeah but then you'd have to Metro to Virginia Square, with a transfer. I think Lincoln was specifically talking about parking near Quincy Park for the meetup. The Ballston garage does have monthly options, but it is connected to the mall so it has hourly options, and it's ridiculously cheap (comparatively).;Yeah but then you'd have to [FAC] to [FAC], with a transfer. I think [ORGANIZATION] was specifically talking about parking near [FAC] for the meetup. The [ORGANIZATION] garage does have [DATE] options, but it is connected to the mall so it has [TIME] options, and it's ridiculously cheap (comparatively).;1;2;Yeah but then you'd have to take public transit to a nearby area, with a transfer. I think the individual was specifically talking about parking near a local park for the meetup. The nearby garage does have monthly options, but it is connected to a shopping center so it has hourly options, and it's ridiculously cheap (comparatively).;5;5;Yeah but then you'd have to take public transit to a nearby area, with a transfer. I think the person was specifically talking about parking near a local park for the meetup. The local garage does have monthly options, but it is connected to the mall so it has hourly options, and it's ridiculously cheap (comparatively).;4;5
5;user_1302cb61;102;87, thanks for the giveaway :);[DATE], thanks for the giveaway :);2;3;87, thanks for the giveaway :);-1;-1;Thanks for the support :);3;5
6;user_1a2755b3;423;"I think this is a very astute observation.  Some kind of escape valve so that at least they go and let people get on with rebuilding the country.

The alternative that we are seeing play out is disastrous for the people of Venezuela.  
";"I think this is a very astute observation.  Some kind of escape valve so that at least they go and let people get on with rebuilding the country.

The alternative that we are seeing play out is disastrous for the people of [LOCATION].  
";3;5;"I think this is a very astute observation. Some kind of escape valve so that at least they go and let people get on with rebuilding the nation.

The alternative that we are seeing play out is disastrous for the people of that country.";4;5;I think this is a very astute observation.  Some kind of escape valve so that at least they go and let people get on with rebuilding the country. The alternative that we are seeing play out is disastrous for the people of Venezuela.;5;5
7;user_1b7f8c56;228;Well, the skill floor is fairly low. Even a moderately experienced player hardly considers the highest level AI a challenge. I agree with you that the skill ceiling is insanely high.;Well, the skill floor is fairly low. Even a moderately experienced player hardly considers the highest level AI a challenge. I agree with you that the skill ceiling is insanely high.;-1;-1;Well, the skill floor is fairly low. Even a moderately experienced player hardly considers the highest level artificial intelligence a challenge. I agree with you that the skill ceiling is insanely high.;4;5;Well, the skill floor is fairly low. Even a moderately experienced player hardly considers the highest level AI a challenge. I agree with you that the skill ceiling is insanely high.;-1;-1
8;user_2d74cd4c;403;Then get a taxi... you might remember them from before Uber... a long, long 5 years ago.;Then get a taxi... you might remember them from before Uber... a long, long [DATE]. ;4;5;Then get a taxi... you might remember them from before ride-sharing services... a long, long 5 years ago.;5;5;Then get a taxi... you might remember them from before modern ride-sharing apps... a while back.;5;5
9;user_2f1085dd;38;It will probably be IP restricted, knowing the Japanese MMO tradition. Also, there is no reason to play on 200 ping.;It will probably be IP restricted, knowing the [NORP] MMO tradition. Also, there is no reason to play on [QUANTITY].;2;3;It will probably be IP restricted, knowing the tradition of Japanese online multiplayer games. Also, there is no reason to play with a 200 ping.;5;5;It will probably be IP restricted, knowing the Japanese MMO tradition. Also, there is no reason to play on high ping.;5;5
10;user_30802254;227;haha yeah actually I drive about 500 miles per month.  Touring the world being the point though, that disrupts the lease.  A 10k mile annual limit still gives you 800 miles a month, which is not nearly enough for most people to get to work and back :);haha yeah actually I drive [QUANTITY] per month.  Touring the world being the point though, that disrupts the lease.  A [QUANTITY] [DATE] limit still gives you [QUANTITY] a month, which is not nearly enough for most people to get to work and back :);1;1;haha yeah actually I drive about 500 miles per month. Touring the world being the point though, that disrupts the lease. A 10k mile annual limit still gives you 800 miles a month, which is not nearly enough for most people to commute to work and back :);5;5;haha yeah actually I drive a moderate amount per month.  Touring the world being the point though, that disrupts the lease.  A low mile annual limit still gives you a certain amount a month, which is not nearly enough for most people to get to work and back :);5;5
11;user_3ff3188b;25;I strived to maintain 100% uptime on movement, just to piss off the clothies.;I strived to maintain [PERCENT] uptime on movement, just to piss off the clothies.;3;3;I strived to maintain 100% uptime on movement, just to annoy the non-armored players.;5;5;I strived to maintain 100% uptime on movement, just to piss off the authorities.;3;5
12;user_40efa894;114;"plot twist: it was actually her pimp who she calls ""daddy""";"plot twist: it was actually her pimp who she calls ""daddy""";-1;-1;"plot twist: it was actually her manager who she refers to as ""daddy""";3;5;"plot twist: it was actually her partner who she calls ""daddy""";5;5
13;user_433bdef0;117;"Ah, I meant street racing... Lets hope no one notices
";"Ah, I meant street racing... Lets hope no one notices
";-1;-1;Ah, I meant illegal street racing... Let's hope no one notices.;4;5;Ah, I meant street racing... Lets hope no one notices;-1;-1
14;user_52d3881c;224;I found it easier to accept being mostly straight once I was happier with how I looked and couldn't see a man anymore. ;I found it easier to accept being mostly straight once I was happier with how I looked and couldn't see a man anymore. ;-1;-1;I found it easier to accept being mostly straight once I was happier with how I looked and couldn't see a partner anymore.;3;4;I found it easier to accept being mostly straight once I was happier with how I looked and couldn't see a man anymore.;-1;-1
15;user_58bfeaad;453;Sure, but you could easily imagine an FTL-like system with set turns working fine (eg. pause every 3 seconds for instructions). There's nothing in the nature of non-modal gameplay that causing these separate battle systems to be bad other than bad design.;Sure, but you could easily imagine an FTL-like system with set turns working fine (eg. pause [TIME] for instructions). There's nothing in the nature of non-modal gameplay that causing these separate battle systems to be bad other than bad design.;4;3;Sure, but you could easily imagine a faster-than-light-like system with set turns working fine (e.g., pause every 3 seconds for instructions). There's nothing in the nature of non-modal gameplay that causes these separate battle systems to be bad other than poor design.;3;3;Sure, but you could easily imagine a fast-paced system with set turns working fine (eg. pause every 3 seconds for instructions). There's nothing in the nature of non-modal gameplay that causing these separate battle systems to be bad other than bad design.;5;5
16;user_5c5a0b40;0;OR HAS IT NOT GONE TOO FAR ENOUGH?!1?;OR HAS IT NOT GONE TOO FAR ENOUGH?!1?;-1;-1;OR HAS IT NOT GONE FAR ENOUGH?!1?;-1;-1;OR HAS IT NOT GONE TOO FAR ENOUGH?!1?;-1;-1
17;user_649f4327;166;Or, just a thought, *maybe he's left handed*.;Or, just a thought, *maybe he's left handed*.;-1;-1;Or, just a thought, *maybe he uses his left hand more often*.;2;2;Or, just a thought, *maybe he's left handed*.;-1;-1
18;user_6d071251;86;Our hound gets so excited she closes her eyes when we come home, because she hits herself in the face with her tail :D  It's adorable.;Our hound gets so excited she closes her eyes when we come home, because she hits herself in the face with her tail :D  It's adorable.;-1;-1;Our hound gets so excited she closes her eyes when we come home, because she hits herself in the face with her tail :D It's adorable.;-1;-1;Our hound gets so excited she closes her eyes when we come home, because she hits herself in the face with her tail :D  It's adorable.;-1;-1
19;user_7a8f7f3e;135;It has always been fine as long as it wasn't used to be a retard.;It has always been fine as long as it wasn't used to be a retard.;-1;-1;It has always been fine as long as it wasn't used to be disrespectful.;3;3;It has always been fine as long as it wasn't used in that way.;4;5
20;user_7b2d0be1;264;A Lore Bard adds another 3.;A Lore Bard adds another [CARDINAL].;3;2;A character specializing in storytelling and music adds another 3.;4;5;A specific bard subclass adds another 3.;4;5
21;user_7b4c75ab;11;Does Pep think Ibra was a flop?...;Does Pep think [PERSON] was a flop?...;3;3;Does the coach think the player was a flop?...;4;5;Does a famous coach think a star player was a flop?...;4;5
22;user_8e97a154;301;Good work I was meaning to look the game up. All be people on the bottom were also on my team ;Good work I was meaning to look the game up. All be people on the bottom were also on my team ;-1;-1;Good work! I was meaning to look the game up. All the people at the bottom were also on my team.;-1;-1;Good work I was meaning to look the game up. All be people on the bottom were also on my team;-1;-1
23;user_902af20f;72;"The Crown Estate dates back to William the Conqueror. Not 1961. 

You've underestimated the age of the crown estate by about 900 years.

Sounds like you're the one that needs to learn their history.";"[ORGANIZATION] dates back to [PERSON]. Not [DATE]. 

You've underestimated the age of the crown estate by [DATE].

Sounds like you're the one that needs to learn their history.";2;2;"The Crown Estate dates back to a historical figure from the Norman Conquest. Not 1961. 

You've underestimated the age of the Crown Estate by about 900 years.

Sounds like you're the one that needs to learn their history.";2;5;The Crown Estate dates back to a historical figure. Not 1961.  You've underestimated the age of the crown estate by about 900 years. Sounds like you're the one that needs to learn their history.;5;5
24;user_95d648bc;326;That American tipping bullshit happens because waiters make below minimum wage on the assumption that they get tips. It's stupid, but there is a reason for it.;That [NORP] tipping bullshit happens because waiters make below minimum wage on the assumption that they get tips. It's stupid, but there is a reason for it.;3;4;That tipping practice in the United States occurs because service staff earn less than the minimum wage based on the expectation that they will receive tips. It's frustrating, but there is a rationale behind it.;5;5;That American tipping bullshit happens because waiters make below minimum wage on the assumption that they get tips. It's stupid, but there is a reason for it.;-1;-1
25;user_9c5e4782;386;Which unit makes that scream?;Which unit makes that scream?;-1;-1;Which unit produces that sound?;5;5;Which production makes that sound?;5;5
26;user_9ce96cbf;317;If I recall from both the book and movie, they tried the scenario (probably altered a bit) before. It had worked for some time, but then he reverted back.;If I recall from both the book and movie, they tried the scenario (probably altered a bit) before. It had worked for some time, but then he reverted back.;-1;-1;If I recall from both the book and film, they attempted the scenario (likely modified somewhat) previously. It had been effective for a while, but then he returned to his original state.;4;5;If I recall from both the source material and movie, they tried the scenario (probably altered a bit) before. It had worked for some time, but then he reverted back.;5;5
27;user_9ff844ba;186;[Found the overweight guy with a pink shirt!](http://i.imgur.com/FxV20kA.jpg);[Found the overweight guy with a pink shirt!](http://i.imgur.com/FxV20kA.jpg);-1;-1;[Found the overweight person in a bright shirt!];2;3;[Found the overweight guy with a pink shirt!](http://i.imgur.com/FxV20kA.jpg);-1;-1
28;user_a2825b06;470;There is no tutorial system.  There is just the rules laid out in the order you need them.  And the rules aren't that difficult.  What makes the game difficult are all the choices in the scenario book.;There is no tutorial system.  There is just the rules laid out in the order you need them.  And the rules aren't that difficult.  What makes the game difficult are all the choices in the scenario book.;-1;-1;There is no tutorial system. There are just the rules laid out in the order you need them. And the rules aren't that difficult. What makes the game challenging are all the choices in the scenario guide.;-1;-1;There is no tutorial system.  There is just the rules laid out in the order you need them.  And the rules aren't that difficult.  What makes the game difficult are all the choices in the scenario book.;-1;-1
29;user_a57e47b1;380;Is Hayward's reputation still deserved if you're west of 880?;Is [ORGANIZATION]'s reputation still deserved if you're west of [FAC]?;2;2;Is the reputation of that area still deserved if you're west of the major highway?;4;4;Is a local figure's reputation still deserved if you're west of a major road?;4;5
30;user_b23aa915;77;Seems logical to me.  Who CARES what the Claws look like, we care what the bear looks like.;Seems logical to me.  Who CARES what the Claws look like, we care what the bear looks like.;-1;-1;Seems logical to me. Who CARES what the claws look like, we care what the bear looks like.;-1;-1;Seems logical to me.  Who CARES what the Claws look like, we care what the bear looks like.;-1;-1
31;user_b2aba63a;340;"Definitely think that skyrim is way too young for a ""test of time"" award, wish mount and blade was nominated actually, but it has held up very well. ";"Definitely think that skyrim is way too young for a ""test of time"" award, wish mount and blade was nominated actually, but it has held up very well. ";-1;-1;"Definitely think that a popular open-world fantasy game is way too young for a ""test of time"" award, wish a medieval strategy game was nominated actually, but it has held up very well.";4;5;"Definitely think that a popular RPG is way too young for a ""test of time"" award, wish a classic western RPG was nominated actually, but it has held up very well.";5;5
32;user_b325310b;38;"Somewhere a gopher is running for his life while ""I'm Alright"" by Kenny Loggins blasts in the background.";"Somewhere a gopher is running for his life while ""I'm Alright"" by [PERSON] blasts in the background.";4;4;Somewhere a small rodent is running for its life while an upbeat song plays in the background.;4;4;Somewhere a gopher is running for his life while a popular song blasts in the background.;4;5
33;user_b6350ec1;252;Who do you think is conducting a larger propaganda and misinformation campaign in the US, Russia or the US?;Who do you think is conducting a larger propaganda and misinformation campaign in the [LOCATION], [LOCATION] or the [LOCATION]?;2;2;Who do you think is conducting a larger propaganda and misinformation campaign in the US, a foreign nation or the domestic government?;4;5;Who do you think is conducting a larger propaganda and misinformation campaign in the US, Russia or the US?;-1;-1
34;user_baf68fe9;251;"1. Read chapter 5 -- titled ""p-TELEPORTATION"" starting on page 55 -- in ""Teleportation Physics Study"" by Eric W. Davis, published August 2004, AFRL-PR-ED-TR-2003-0034: https://www.fas.org/sgp/eprint/teleport.pdf

2. See Also: #3 (""Matt deMille: Time Skipping"") at https://www.reddit.com/r/Missing411/comments/444zxe/virtual_kamikakushi_an_element_of_folk_belief_in/czngfgg";"[CARDINAL]. Read [LAW] -- titled ""p-TELEPORTATION"" starting on page [CARDINAL] -- in ""[WORK_OF_ART]"" by [PERSON], published [DATE], [ORGANIZATION]-PR-ED-TR-2003-0034: https://www.fas.org/sgp/eprint/teleport.pdf

[CARDINAL]. See Also: #[MONEY] (""[PERSON] deMille: Time Skipping"") at [PERSON]";1;1;"1. Read chapter 5 -- titled ""p-TELEPORTATION"" starting on page 55 -- in a study on teleportation physics by an author, published in August 2004, with a specific report number: https://www.fas.org/sgp/eprint/teleport.pdf

2. See Also: #3 (""an individual: Time Skipping"") at https://www.reddit.com/r/Missing411/comments/444zxe/virtual_kamikakushi_an_element_of_folk_belief_in/czngfgg";3;4;"Read chapter 5 -- titled ""p-TELEPORTATION"" starting on page 55 -- in ""Teleportation Physics Study"" by a researcher in the field, published in the early 2000s: a link to a scientific report 2. See Also: A reference to a discussion on time-related phenomena at a community forum link";3;5
35;user_bdcc6e7d;369;"Sure but it would stop the problem from getting worse. Doctors really should not be prescribing anything.

Also, we should not allow prescription drugs to be advertised to the public. You have no business ""asking your doctor about..."" any kind of prescription drug. Tell the doctor what your problem is and let him or her determine a solution. ";"Sure but it would stop the problem from getting worse. Doctors really should not be prescribing anything.

Also, we should not allow prescription drugs to be advertised to the public. You have no business ""asking your doctor about..."" any kind of prescription drug. Tell the doctor what your problem is and let him or her determine a solution. ";-1;-1;"Sure, but it would stop the problem from getting worse. Medical professionals really should not be prescribing anything.

Also, we should not allow prescription medications to be advertised to the public. Individuals have no business ""asking their healthcare provider about..."" any kind of prescription medication. Describe the issue to the provider and let them determine a solution.";4;5;"Sure but it would stop the problem from getting worse. Medical professionals really should not be prescribing anything. Also, we should not allow prescription drugs to be advertised to the public. You have no business ""asking your doctor about..."" any kind of prescription drug. Tell the doctor what your problem is and let him or her determine a solution.";;
36;user_c0392523;341;My brother does this. Part of the reason why his girlfriend dumped him. He was always the best, he could always lift the most, he was going to have the best career (everyone else was going to be minimum wage slaves)... ;My brother does this. Part of the reason why his girlfriend dumped him. He was always the best, he could always lift the most, he was going to have the best career (everyone else was going to be minimum wage slaves)... ;-1;-1;My sibling does this. Part of the reason why his partner ended the relationship. He was always the best, he could always lift the most, he was going to have the most successful career (everyone else was going to be stuck in low-paying jobs)...;5;5;My sibling does this. Part of the reason why their partner dumped him. He was always the best, he could always lift the most, he was going to have the best career (everyone else was going to be minimum wage slaves)...;5;5
37;user_c154e834;102;[pic](http://www.4gamer.net/games/278/G027835/20150616136/SS/041.jpg) would probably makes sense to have your shield arm heavily armored tho.;[pic](http://www.4gamer.net/games/278/G027835/20150616136/SS/041.jpg) would probably makes sense to have your shield arm heavily armored tho.;-1;-1;It would probably make sense to have your shield arm heavily armored though.;4;5;It would probably make sense to have your shield arm heavily armored though.;4;5
38;user_c204a1dd;53;NOSEDIVE SPOILER: even though she has the freedom to swear or whatever her life is completely fucked because not only does she now possibly have a criminal record, she also has a ~1.0 rating which would make it pretty much impossible for her to get her life back on track;NOSEDIVE SPOILER: even though she has the freedom to swear or whatever her life is completely fucked because not only does she now possibly have a criminal record, she also has a ~1.0 rating which would make it pretty much impossible for her to get her life back on track;-1;-1;SPOILER: even though she has the freedom to express herself however she wants, her life is completely messed up because not only does she now possibly have a criminal record, she also has a ~1.0 rating which would make it pretty much impossible for her to get her life back on track.;4;4;NOSEDIVE SPOILER: even though she has the freedom to swear or whatever her life is completely fucked because not only does she now possibly have a criminal record, she also has a ~1.0 rating which would make it pretty much impossible for her to get her life back on track;-1;-1
39;user_cb2fe204;192;Same here. They are all assholes but that's why we love them.;Same here. They are all assholes but that's why we love them.;-1;-1;Same here. They are all difficult, but that's why we love them.;4;5;Same here. They are all assholes but that's why we love them.;-1;-1
40;user_d2c97c8e;164;Oh god Ekko, Picked him up and I have so much love to give! Let me give my money!!!;Oh god [PERSON], Picked him up and I have so much love to give! Let me give my money!!!;3;3;Oh god, I picked him up and I have so much love to give! Let me give my money!!!;3;3;Oh god Ekko, Picked him up and I have so much love to give! Let me give my money!!!;-1;-1
41;user_e409a56d;51;Pffft.... just sell off the NHS: Problem solved! The long term future of the country is... well, they don't really care about that - short termism it is, now and forever. Well... now at least.;Pffft.... just sell off the [ORGANIZATION]: Problem solved! The long term future of the country is... well, they don't really care about that - short termism it is, now and forever. Well... now at least.;3;3;Pffft.... just sell off the national healthcare system: Problem solved! The long term future of the country is... well, they don't really care about that - short termism it is, now and forever. Well... now at least.;4;4;Pffft.... just sell off the public healthcare system: Problem solved! The long term future of the country is... well, they don't really care about that - short termism it is, now and forever. Well... now at least.;5;5
42;user_e9d1886c;291;he wanted to be near you - he's your guardian angel!;he wanted to be near you - he's your guardian angel!;-1;-1;he wanted to be near you - he's your protective spirit!;4;4;he wanted to be near you - he's your guardian angel!;-1;-1
43;user_efcacf59;145;Oh God and then there was the n-mom who talked her daughter's building manager into letting her into daughter's apartment, whereupon she poisoned (edit: a puppy) with rat poison. ;Oh God and then there was the n-mom who talked her daughter's building manager into letting her into daughter's apartment, whereupon she poisoned (edit: a puppy) with rat poison. ;-1;-1;Oh God and then there was the mother who talked her daughter's building manager into letting her into her daughter's apartment, whereupon she poisoned a puppy with rat poison.;4;4;Oh God and then there was the n-mom who talked her daughter's building manager into letting her into daughter's apartment, whereupon she poisoned (edit: a puppy) with rat poison.;-1;-1
44;user_f5138e15;229;They can ship it if necessary. But local hospitals also always have patients who need blood. ;They can ship it if necessary. But local hospitals also always have patients who need blood. ;-1;-1;They can ship it if necessary. But local medical facilities also always have patients who need blood.;5;5;They can ship it if necessary. But local hospitals also always have patients who need blood.;-1;-1
45;user_f54058d0;157;Dude, you ARE a vocal minority.  That's not an insult.  How bad has it become when people are feeling victimized just because their opinion isn't being pandered to?  Millennial narcissism a it's finest.;Dude, you ARE a vocal minority.  That's not an insult.  How bad has it become when people are feeling victimized just because their opinion isn't being pandered to?  Millennial narcissism a it's finest.;-1;-1;Dude, you ARE a vocal minority. That's not an insult. How bad has it become when people are feeling victimized just because their opinion isn't being catered to? Generational narcissism at its finest.;5;5;Dude, you ARE a vocal minority.  That's not an insult.  How bad has it become when people are feeling victimized just because their opinion isn't being pandered to?  A certain generational trait at its finest.;5;5
46;user_f7fd2885;330;What the shit? The NHS is a publically owned company, it can't go bust unless the the country does.;What the shit? The [ORGANIZATION] is a publically owned company, it can't go bust unless the the country does.;3;5;"What the heck? The national health service is a publicly owned entity; it can't go bankrupt unless the country does.";5;5;What the shit? The public healthcare system is a publically owned company, it can't go bust unless the the country does.;5;5
47;user_f827c7dd;223;Who was talking on ESPN? ;Who was talking on [ORGANIZATION]? ;1;3;Who was speaking on the sports network?;2;4;Who was talking on that sports network?;5;5
48;user_fa60616d;16;"Fact 1: All of that in the picture is fucking delicious   

Fact 2: None of that belongs at a fucking BBQ";"Fact [CARDINAL]: All of that in the picture is fucking delicious   

Fact [CARDINAL]: None of that belongs at a fucking [ORGANIZATION]";2;2;"Fact 1: All of that in the picture is incredibly delicious   

Fact 2: None of that belongs at a proper BBQ";5;5;Fact 1: All of that in the picture is fucking delicious    Fact 2: None of that belongs at a fucking BBQ;-1;-1
49;user_fca58a87;183;"I'd rather you build up your tele to Level 2 so I dont have to walk than have your gun up to Lv 3.  

""Sentrys get kills, Dispensers save lives, Teleporters win games""";"I'd rather you build up your tele to [EVENT] so I dont have to walk than have your gun up to [ORGANIZATION].  

""Sentrys get kills, Dispensers save lives, [PRODUCT] win games""";2;1;"I'd rather you build up your teleporter to Level 2 so I don't have to walk than have your weapon up to Level 3.  

""Sentries get kills, dispensers save lives, teleporters win games.""";-1;-1;"I'd rather you build up your tele to Level 2 so I dont have to walk than have your gun up to Lv 3.   ""Sentrys get kills, Dispensers save lives, Teleporters win games""";-1;-1
50;user_fde2d265;263;Say shenanigans one more time... i dare you!;Say shenanigans [CARDINAL] more time... i dare you!;3;2;Say mischief one more time... I dare you!;1;3;Say shenanigans one more time... i dare you!;-1;-1